statement_date,period,section,season,segment,segment_days,tou_period,kwh,rate_per_kwh
2024-06-27,5/25/24 - 6/25/24,delivery,winter,0,7,on_peak,-4.0,0.0
2024-06-27,5/25/24 - 6/25/24,delivery,winter,0,7,off_peak,-138.0,0.0
2024-06-27,5/25/24 - 6/25/24,delivery,winter,0,7,super_off_peak,204.0,0.04013
2024-06-27,5/25/24 - 6/25/24,delivery,summer,0,25,on_peak,50.0,0.26438
2024-06-27,5/25/24 - 6/25/24,delivery,summer,0,25,off_peak,-464.0,0.0
2024-06-27,5/25/24 - 6/25/24,delivery,summer,0,25,super_off_peak,698.0,0.04013
2024-06-27,5/25/24 - 6/25/24,generation,winter,0,7,on_peak,-4.0,0.0
2024-06-27,5/25/24 - 6/25/24,generation,winter,0,7,off_peak,-138.0,0.0
2024-06-27,5/25/24 - 6/25/24,generation,winter,0,7,super_off_peak,204.0,0.06133
2024-06-27,5/25/24 - 6/25/24,generation,summer,0,25,on_peak,50.0,0.38826
2024-06-27,5/25/24 - 6/25/24,generation,summer,0,25,off_peak,-464.0,0.0
2024-06-27,5/25/24 - 6/25/24,generation,summer,0,25,super_off_peak,698.0,0.06741
2024-07-29,6/26/24 - 7/25/24,delivery,summer,0,30,on_peak,216.0,0.26438
2024-07-29,6/26/24 - 7/25/24,delivery,summer,0,30,off_peak,-442.0,0.0
2024-07-29,6/26/24 - 7/25/24,delivery,summer,0,30,super_off_peak,936.0,0.04013
2024-07-29,6/26/24 - 7/25/24,generation,summer,0,30,on_peak,216.0,0.38826
2024-07-29,6/26/24 - 7/25/24,generation,summer,0,30,off_peak,-442.0,0.0
2024-07-29,6/26/24 - 7/25/24,generation,summer,0,30,super_off_peak,936.0,0.06741
2024-08-28,7/26/24 - 8/26/24,delivery,summer,0,32,on_peak,281.0,0.26438
2024-08-28,7/26/24 - 8/26/24,delivery,summer,0,32,off_peak,-409.0,0.0
2024-08-28,7/26/24 - 8/26/24,delivery,summer,0,32,super_off_peak,980.0,0.04013
2024-08-28,7/26/24 - 8/26/24,generation,summer,0,32,on_peak,281.0,0.38826
2024-08-28,7/26/24 - 8/26/24,generation,summer,0,32,off_peak,-409.0,0.0
2024-08-28,7/26/24 - 8/26/24,generation,summer,0,32,super_off_peak,980.0,0.06741
2024-09-27,8/27/24 - 9/25/24,delivery,summer,0,30,on_peak,308.0,0.26438
2024-09-27,8/27/24 - 9/25/24,delivery,summer,0,30,off_peak,-410.0,0.0
2024-09-27,8/27/24 - 9/25/24,delivery,summer,0,30,super_off_peak,904.0,0.04013
2024-09-27,8/27/24 - 9/25/24,generation,summer,0,30,on_peak,308.0,0.38826
2024-09-27,8/27/24 - 9/25/24,generation,summer,0,30,off_peak,-410.0,0.0
2024-09-27,8/27/24 - 9/25/24,generation,summer,0,30,super_off_peak,904.0,0.06741
2024-10-29,9/26/24 - 10/25/24,delivery,summer,0,5,on_peak,23.0,0.26438
2024-10-29,9/26/24 - 10/25/24,delivery,summer,0,5,off_peak,-89.0,0.0
2024-10-29,9/26/24 - 10/25/24,delivery,summer,0,5,super_off_peak,112.0,0.04013
2024-10-29,9/26/24 - 10/25/24,delivery,summer,1,25,on_peak,192.0,0.26687
2024-10-29,9/26/24 - 10/25/24,delivery,summer,1,25,off_peak,-466.0,0.0
2024-10-29,9/26/24 - 10/25/24,delivery,summer,1,25,super_off_peak,874.0,0.04013
2024-10-29,9/26/24 - 10/25/24,generation,summer,0,5,on_peak,23.0,0.38826
2024-10-29,9/26/24 - 10/25/24,generation,summer,0,5,off_peak,-89.0,0.0
2024-10-29,9/26/24 - 10/25/24,generation,summer,0,5,super_off_peak,112.0,0.06741
2024-10-29,9/26/24 - 10/25/24,generation,summer,1,25,on_peak,192.0,0.38826
2024-10-29,9/26/24 - 10/25/24,generation,summer,1,25,off_peak,-466.0,0.0
2024-10-29,9/26/24 - 10/25/24,generation,summer,1,25,super_off_peak,874.0,0.06741
2024-11-27,10/26/24 - 11/25/24,delivery,summer,0,6,on_peak,60.0,0.26687
2024-11-27,10/26/24 - 11/25/24,delivery,summer,0,6,off_peak,-59.0,0.0
2024-11-27,10/26/24 - 11/25/24,delivery,summer,0,6,super_off_peak,94.0,0.04013
2024-11-27,10/26/24 - 11/25/24,delivery,winter,0,25,on_peak,185.0,0.26687
2024-11-27,10/26/24 - 11/25/24,delivery,winter,0,25,off_peak,-347.0,0.0
2024-11-27,10/26/24 - 11/25/24,delivery,winter,0,25,super_off_peak,578.0,0.04013
2024-11-27,10/26/24 - 11/25/24,generation,summer,0,6,on_peak,60.0,0.38826
2024-11-27,10/26/24 - 11/25/24,generation,summer,0,6,off_peak,-59.0,0.0
2024-11-27,10/26/24 - 11/25/24,generation,summer,0,6,super_off_peak,94.0,0.06741
2024-11-27,10/26/24 - 11/25/24,generation,winter,0,25,on_peak,185.0,0.16516
2024-11-27,10/26/24 - 11/25/24,generation,winter,0,25,off_peak,-347.0,0.0
2024-11-27,10/26/24 - 11/25/24,generation,winter,0,25,super_off_peak,578.0,0.06133
2024-12-30,11/26/24 - 12/26/24,delivery,winter,0,31,on_peak,249.0,0.26687
2024-12-30,11/26/24 - 12/26/24,delivery,winter,0,31,off_peak,-137.0,0.0
2024-12-30,11/26/24 - 12/26/24,delivery,winter,0,31,super_off_peak,1074.0,0.04013
2024-12-30,11/26/24 - 12/26/24,generation,winter,0,31,on_peak,249.0,0.16516
2024-12-30,11/26/24 - 12/26/24,generation,winter,0,31,off_peak,-137.0,0.0
2024-12-30,11/26/24 - 12/26/24,generation,winter,0,31,super_off_peak,1074.0,0.06133
2025-01-31,12/27/24 - 1/27/25,delivery,winter,0,5,on_peak,50.0,0.26687
2025-01-31,12/27/24 - 1/27/25,delivery,winter,0,5,off_peak,34.0,0.26687
2025-01-31,12/27/24 - 1/27/25,delivery,winter,0,5,super_off_peak,152.0,0.04013
2025-01-31,12/27/24 - 1/27/25,delivery,winter,1,27,on_peak,205.0,0.26687
2025-01-31,12/27/24 - 1/27/25,delivery,winter,1,27,off_peak,-253.0,0.0
2025-01-31,12/27/24 - 1/27/25,delivery,winter,1,27,super_off_peak,758.0,0.04013
2025-01-31,12/27/24 - 1/27/25,generation,winter,0,5,on_peak,50.0,0.16516
2025-01-31,12/27/24 - 1/27/25,generation,winter,0,5,off_peak,34.0,0.1185
2025-01-31,12/27/24 - 1/27/25,generation,winter,0,5,super_off_peak,152.0,0.06133
2025-01-31,12/27/24 - 1/27/25,generation,winter,1,27,on_peak,205.0,0.16516
2025-01-31,12/27/24 - 1/27/25,generation,winter,1,27,off_peak,-253.0,0.0
2025-01-31,12/27/24 - 1/27/25,generation,winter,1,27,super_off_peak,758.0,0.06133
2025-03-04,1/28/25 - 2/26/25,delivery,winter,0,4,on_peak,38.0,0.26687
2025-03-04,1/28/25 - 2/26/25,delivery,winter,0,4,off_peak,-26.0,0.0
2025-03-04,1/28/25 - 2/26/25,delivery,winter,0,4,super_off_peak,148.0,0.04013
2025-03-04,1/28/25 - 2/26/25,delivery,winter,1,26,on_peak,169.0,0.27787
2025-03-04,1/28/25 - 2/26/25,delivery,winter,1,26,off_peak,-189.0,0.0
2025-03-04,1/28/25 - 2/26/25,delivery,winter,1,26,super_off_peak,633.0,0.02255
2025-03-04,1/28/25 - 2/26/25,generation,winter,0,4,on_peak,38.0,0.16516
2025-03-04,1/28/25 - 2/26/25,generation,winter,0,4,off_peak,-26.0,0.0
2025-03-04,1/28/25 - 2/26/25,generation,winter,0,4,super_off_peak,148.0,0.06133
2025-03-04,1/28/25 - 2/26/25,generation,winter,1,26,on_peak,169.0,0.17258
2025-03-04,1/28/25 - 2/26/25,generation,winter,1,26,off_peak,-189.0,0.0
2025-03-04,1/28/25 - 2/26/25,generation,winter,1,26,super_off_peak,633.0,0.06399
2025-04-02,2/27/25 - 3/27/25,delivery,winter,0,29,on_peak,134.0,0.27787
2025-04-02,2/27/25 - 3/27/25,delivery,winter,0,29,off_peak,-47.0,0.0
2025-04-02,2/27/25 - 3/27/25,delivery,winter,0,29,super_off_peak,371.0,0.02255
2025-04-02,2/27/25 - 3/27/25,generation,winter,0,29,on_peak,134.0,0.17258
2025-04-02,2/27/25 - 3/27/25,generation,winter,0,29,off_peak,-47.0,0.0
2025-04-02,2/27/25 - 3/27/25,generation,winter,0,29,super_off_peak,371.0,0.06399
2025-05-02,3/28/25 - 4/28/25,delivery,winter,0,32,on_peak,61.0,0.27787
2025-05-02,3/28/25 - 4/28/25,delivery,winter,0,32,off_peak,28.0,0.27787
2025-05-02,3/28/25 - 4/28/25,delivery,winter,0,32,super_off_peak,328.0,0.02255
2025-05-02,3/28/25 - 4/28/25,generation,winter,0,32,on_peak,61.0,0.17258
2025-05-02,3/28/25 - 4/28/25,generation,winter,0,32,off_peak,28.0,0.12379
2025-05-02,3/28/25 - 4/28/25,generation,winter,0,32,super_off_peak,328.0,0.06399
2025-06-03,4/29/25 - 5/28/25,delivery,winter,0,30,on_peak,152.0,0.27787
2025-06-03,4/29/25 - 5/28/25,delivery,winter,0,30,off_peak,-289.0,0.0
2025-06-03,4/29/25 - 5/28/25,delivery,winter,0,30,super_off_peak,1029.0,0.02255
2025-06-03,4/29/25 - 5/28/25,generation,winter,0,30,on_peak,152.0,0.17258
2025-06-03,4/29/25 - 5/28/25,generation,winter,0,30,off_peak,-289.0,0.0
2025-06-03,4/29/25 - 5/28/25,generation,winter,0,30,super_off_peak,1029.0,0.06399
2025-07-02,5/29/25 - 6/26/25,delivery,winter,0,3,on_peak,22.0,0.27787
2025-07-02,5/29/25 - 6/26/25,delivery,winter,0,3,off_peak,13.0,0.27787
2025-07-02,5/29/25 - 6/26/25,delivery,winter,0,3,super_off_peak,136.0,0.02255
2025-07-02,5/29/25 - 6/26/25,delivery,summer,0,26,on_peak,187.0,0.29773
2025-07-02,5/29/25 - 6/26/25,delivery,summer,0,26,off_peak,-165.0,0.0
2025-07-02,5/29/25 - 6/26/25,delivery,summer,0,26,super_off_peak,925.0,0.02255
2025-07-02,5/29/25 - 6/26/25,generation,winter,0,3,on_peak,22.0,0.17258
2025-07-02,5/29/25 - 6/26/25,generation,winter,0,3,off_peak,13.0,0.12379
2025-07-02,5/29/25 - 6/26/25,generation,winter,0,3,super_off_peak,136.0,0.06399
2025-07-02,5/29/25 - 6/26/25,generation,summer,0,26,on_peak,187.0,0.40592
2025-07-02,5/29/25 - 6/26/25,generation,summer,0,26,off_peak,-165.0,0.0
2025-07-02,5/29/25 - 6/26/25,generation,summer,0,26,super_off_peak,925.0,0.07035
2025-08-01,6/27/25 - 7/28/25,delivery,summer,0,32,on_peak,272.0,0.29773
2025-08-01,6/27/25 - 7/28/25,delivery,summer,0,32,off_peak,-329.0,0.0
2025-08-01,6/27/25 - 7/28/25,delivery,summer,0,32,super_off_peak,863.0,0.02255
2025-08-01,6/27/25 - 7/28/25,generation,summer,0,32,on_peak,272.0,0.40592
2025-08-01,6/27/25 - 7/28/25,generation,summer,0,32,off_peak,-329.0,0.0
2025-08-01,6/27/25 - 7/28/25,generation,summer,0,32,super_off_peak,863.0,0.07035
2025-09-02,7/29/25 - 8/26/25,delivery,summer,0,29,on_peak,371.0,0.29773
2025-09-02,7/29/25 - 8/26/25,delivery,summer,0,29,off_peak,-165.0,0.0
2025-09-02,7/29/25 - 8/26/25,delivery,summer,0,29,super_off_peak,1129.0,0.02255
2025-09-02,7/29/25 - 8/26/25,generation,summer,0,29,on_peak,371.0,0.40592
2025-09-02,7/29/25 - 8/26/25,generation,summer,0,29,off_peak,-165.0,0.0
2025-09-02,7/29/25 - 8/26/25,generation,summer,0,29,super_off_peak,1129.0,0.07035
2025-10-01,8/27/25 - 9/25/25,delivery,summer,0,30,on_peak,500.0,0.29773
2025-10-01,8/27/25 - 9/25/25,delivery,summer,0,30,off_peak,-82.0,0.0
2025-10-01,8/27/25 - 9/25/25,delivery,summer,0,30,super_off_peak,1379.0,0.02255
2025-10-01,8/27/25 - 9/25/25,generation,summer,0,30,on_peak,500.0,0.40592
2025-10-01,8/27/25 - 9/25/25,generation,summer,0,30,off_peak,-82.0,0.0
2025-10-01,8/27/25 - 9/25/25,generation,summer,0,30,super_off_peak,1379.0,0.07035
2025-10-31,9/26/25 - 9/30/25,delivery,summer,0,5,on_peak,56.0,0.29773
2025-10-31,9/26/25 - 9/30/25,delivery,summer,0,5,off_peak,-3.0,0.0
2025-10-31,9/26/25 - 9/30/25,delivery,summer,0,5,super_off_peak,171.0,0.02255
2025-10-31,9/26/25 - 9/30/25,generation,summer,0,5,on_peak,56.0,0.40592
2025-10-31,9/26/25 - 9/30/25,generation,summer,0,5,off_peak,-3.0,0.0
2025-10-31,9/26/25 - 9/30/25,generation,summer,0,5,super_off_peak,171.0,0.07035
2025-10-31,10/1/25 - 10/27/25,delivery,summer,0,27,on_peak,318.0,0.29426
2025-10-31,10/1/25 - 10/27/25,delivery,summer,0,27,off_peak,-140.0,0.0
2025-10-31,10/1/25 - 10/27/25,delivery,summer,0,27,super_off_peak,1026.0,0.02164
2025-10-31,10/1/25 - 10/27/25,generation,summer,0,27,on_peak,318.0,0.40592
2025-10-31,10/1/25 - 10/27/25,generation,summer,0,27,off_peak,-140.0,0.0
2025-10-31,10/1/25 - 10/27/25,generation,summer,0,27,super_off_peak,1026.0,0.07035
2025-12-03,10/28/25 - 11/25/25,delivery,summer,0,4,on_peak,62.0,0.29426
2025-12-03,10/28/25 - 11/25/25,delivery,summer,0,4,off_peak,-43.0,0.0
2025-12-03,10/28/25 - 11/25/25,delivery,summer,0,4,super_off_peak,151.0,0.02164
2025-12-03,10/28/25 - 11/25/25,delivery,winter,0,25,on_peak,260.0,0.29426
2025-12-03,10/28/25 - 11/25/25,delivery,winter,0,25,off_peak,-180.0,0.0
2025-12-03,10/28/25 - 11/25/25,delivery,winter,0,25,super_off_peak,752.0,0.02164
2025-12-03,10/28/25 - 11/25/25,generation,summer,0,4,on_peak,62.0,0.40592
2025-12-03,10/28/25 - 11/25/25,generation,summer,0,4,off_peak,-43.0,0.0
2025-12-03,10/28/25 - 11/25/25,generation,summer,0,4,super_off_peak,151.0,0.07035
2025-12-03,10/28/25 - 11/25/25,generation,winter,0,25,on_peak,260.0,0.17258
2025-12-03,10/28/25 - 11/25/25,generation,winter,0,25,off_peak,-180.0,0.0
2025-12-03,10/28/25 - 11/25/25,generation,winter,0,25,super_off_peak,752.0,0.06399
2026-01-06,11/26/25 - 12/26/25,delivery,winter,0,31,on_peak,210.0,0.29426
2026-01-06,11/26/25 - 12/26/25,delivery,winter,0,31,off_peak,-169.0,0.0
2026-01-06,11/26/25 - 12/26/25,delivery,winter,0,31,super_off_peak,1111.0,0.02164
2026-01-06,11/26/25 - 12/26/25,generation,winter,0,31,on_peak,210.0,0.17258
2026-01-06,11/26/25 - 12/26/25,generation,winter,0,31,off_peak,-169.0,0.0
2026-01-06,11/26/25 - 12/26/25,generation,winter,0,31,super_off_peak,1111.0,0.06399
2026-02-02,12/27/25 - 1/27/26,delivery,winter,0,5,on_peak,32.0,0.29426
2026-02-02,12/27/25 - 1/27/26,delivery,winter,0,5,off_peak,64.0,0.29426
2026-02-02,12/27/25 - 1/27/26,delivery,winter,0,5,super_off_peak,136.0,0.02164
2026-02-02,12/27/25 - 1/27/26,delivery,winter,1,27,on_peak,251.0,0.30814
2026-02-02,12/27/25 - 1/27/26,delivery,winter,1,27,off_peak,-93.0,0.0
2026-02-02,12/27/25 - 1/27/26,delivery,winter,1,27,super_off_peak,793.0,0.02168
2026-02-02,12/27/25 - 1/27/26,generation,winter,0,5,on_peak,32.0,0.17258
2026-02-02,12/27/25 - 1/27/26,generation,winter,0,5,off_peak,64.0,0.12379
2026-02-02,12/27/25 - 1/27/26,generation,winter,0,5,super_off_peak,136.0,0.06399
2026-02-02,12/27/25 - 1/27/26,generation,winter,1,27,on_peak,251.0,0.20013
2026-02-02,12/27/25 - 1/27/26,generation,winter,1,27,off_peak,-93.0,0.0
2026-02-02,12/27/25 - 1/27/26,generation,winter,1,27,super_off_peak,793.0,0.07419
2026-03-04,1/28/26 - 2/26/26,delivery,winter,0,30,on_peak,199.0,0.30814
2026-03-04,1/28/26 - 2/26/26,delivery,winter,0,30,off_peak,-293.0,0.0
2026-03-04,1/28/26 - 2/26/26,delivery,winter,0,30,super_off_peak,1028.0,0.02168
2026-03-04,1/28/26 - 2/26/26,generation,winter,0,30,on_peak,199.0,0.20013
2026-03-04,1/28/26 - 2/26/26,generation,winter,0,30,off_peak,-293.0,0.0
2026-03-04,1/28/26 - 2/26/26,generation,winter,0,30,super_off_peak,1028.0,0.07419
2026-04-02,2/27/26 - 3/27/26,delivery,winter,0,29,on_peak,198.0,0.30814
2026-04-02,2/27/26 - 3/27/26,delivery,winter,0,29,off_peak,85.0,0.30814
2026-04-02,2/27/26 - 3/27/26,delivery,winter,0,29,super_off_peak,534.0,0.02168
2026-04-02,2/27/26 - 3/27/26,generation,winter,0,29,on_peak,198.0,0.20013
2026-04-02,2/27/26 - 3/27/26,generation,winter,0,29,off_peak,85.0,0.14354
2026-04-02,2/27/26 - 3/27/26,generation,winter,0,29,super_off_peak,534.0,0.07419
2026-05-04,3/28/26 - 4/28/26,delivery,winter,0,4,on_peak,28.0,0.30814
2026-05-04,3/28/26 - 4/28/26,delivery,winter,0,4,off_peak,-9.0,0.0
2026-05-04,3/28/26 - 4/28/26,delivery,winter,0,4,super_off_peak,128.0,0.02168
2026-05-04,3/28/26 - 4/28/26,delivery,winter,1,28,on_peak,181.0,0.31174
2026-05-04,3/28/26 - 4/28/26,delivery,winter,1,28,off_peak,27.0,0.31174
2026-05-04,3/28/26 - 4/28/26,delivery,winter,1,28,super_off_peak,510.0,0.02606
2026-05-04,3/28/26 - 4/28/26,generation,winter,0,4,on_peak,28.0,0.20013
2026-05-04,3/28/26 - 4/28/26,generation,winter,0,4,off_peak,-9.0,0.0
2026-05-04,3/28/26 - 4/28/26,generation,winter,0,4,super_off_peak,128.0,0.07419
2026-05-04,3/28/26 - 4/28/26,generation,winter,1,28,on_peak,181.0,0.1999
2026-05-04,3/28/26 - 4/28/26,generation,winter,1,28,off_peak,27.0,0.14337
2026-05-04,3/28/26 - 4/28/26,generation,winter,1,28,super_off_peak,510.0,0.0741
2026-06-03,4/29/26 - 5/28/26,delivery,winter,0,30,on_peak,236.0,0.31174
2026-06-03,4/29/26 - 5/28/26,delivery,winter,0,30,off_peak,21.0,0.31174
2026-06-03,4/29/26 - 5/28/26,delivery,winter,0,30,super_off_peak,539.0,0.02606
2026-06-03,4/29/26 - 5/28/26,generation,winter,0,30,on_peak,236.0,0.1999
2026-06-03,4/29/26 - 5/28/26,generation,winter,0,30,off_peak,21.0,0.14337
2026-06-03,4/29/26 - 5/28/26,generation,winter,0,30,super_off_peak,539.0,0.0741
2026-07-02,5/29/26 - 6/26/26,delivery,winter,0,3,on_peak,31.0,0.31174
2026-07-02,5/29/26 - 6/26/26,delivery,winter,0,3,off_peak,-14.0,0.0
2026-07-02,5/29/26 - 6/26/26,delivery,winter,0,3,super_off_peak,28.0,0.02606
2026-07-02,5/29/26 - 6/26/26,delivery,summer,0,26,on_peak,205.0,0.30203
2026-07-02,5/29/26 - 6/26/26,delivery,summer,0,26,off_peak,172.0,0.30203
2026-07-02,5/29/26 - 6/26/26,delivery,summer,0,26,super_off_peak,565.0,0.02606
2026-07-02,5/29/26 - 6/26/26,generation,winter,0,3,on_peak,31.0,0.1999
2026-07-02,5/29/26 - 6/26/26,generation,winter,0,3,off_peak,-14.0,0.0
2026-07-02,5/29/26 - 6/26/26,generation,winter,0,3,super_off_peak,28.0,0.0741
2026-07-02,5/29/26 - 6/26/26,generation,summer,0,26,on_peak,205.0,0.47019
2026-07-02,5/29/26 - 6/26/26,generation,summer,0,26,off_peak,172.0,0.17311
2026-07-02,5/29/26 - 6/26/26,generation,summer,0,26,super_off_peak,565.0,0.08147
