date,hour,kgco2_per_mwh
2025-07-28,0,220.5
2025-07-28,1,229.1
2025-07-28,2,245.0
2025-07-28,3,251.1
2025-07-28,4,242.2
2025-07-28,5,231.2
2025-07-28,6,197.3
2025-07-28,7,143.1
2025-07-28,8,94.7
2025-07-28,9,70.3
2025-07-28,10,67.6
2025-07-28,11,66.2
2025-07-28,12,56.7
2025-07-28,13,37.7
2025-07-28,14,27.7
2025-07-28,15,31.5
2025-07-28,16,41.1
2025-07-28,17,68.1
2025-07-28,18,90.7
2025-07-28,19,121.5
2025-07-28,20,136.0
2025-07-28,21,149.6
2025-07-28,22,198.0
2025-07-28,23,218.0
2025-08-08,0,289.1
2025-08-08,1,294.5
2025-08-08,2,304.4
2025-08-08,3,310.6
2025-08-08,4,309.2
2025-08-08,5,299.6
2025-08-08,6,289.4
2025-08-08,7,246.9
2025-08-08,8,201.1
2025-08-08,9,185.7
2025-08-08,10,180.7
2025-08-08,11,169.6
2025-08-08,12,150.7
2025-08-08,13,136.9
2025-08-08,14,128.0
2025-08-08,15,132.1
2025-08-08,16,144.7
2025-08-08,17,167.5
2025-08-08,18,185.8
2025-08-08,19,214.9
2025-08-08,20,216.5
2025-08-08,21,224.0
2025-08-08,22,260.8
2025-08-08,23,274.9
2025-08-22,0,306.2
2025-08-22,1,315.0
2025-08-22,2,324.0
2025-08-22,3,326.3
2025-08-22,4,318.1
2025-08-22,5,317.2
2025-08-22,6,304.1
2025-08-22,7,260.8
2025-08-22,8,214.2
2025-08-22,9,202.4
2025-08-22,10,191.9
2025-08-22,11,173.7
2025-08-22,12,167.0
2025-08-22,13,167.5
2025-08-22,14,174.1
2025-08-22,15,170.3
2025-08-22,16,182.3
2025-08-22,17,203.0
2025-08-22,18,227.5
2025-08-22,19,261.1
2025-08-22,20,256.8
2025-08-22,21,255.0
2025-08-22,22,287.3
2025-08-22,23,302.3
2025-09-08,0,307.2
2025-09-08,1,310.7
2025-09-08,2,319.9
2025-09-08,3,317.1
2025-09-08,4,306.7
2025-09-08,5,299.0
2025-09-08,6,274.3
2025-09-08,7,239.9
2025-09-08,8,157.8
2025-09-08,9,145.3
2025-09-08,10,136.6
2025-09-08,11,124.1
2025-09-08,12,101.7
2025-09-08,13,85.2
2025-09-08,14,77.8
2025-09-08,15,77.5
2025-09-08,16,94.0
2025-09-08,17,128.5
2025-09-08,18,155.7
2025-09-08,19,186.6
2025-09-08,20,198.4
2025-09-08,21,220.8
2025-09-08,22,256.7
2025-09-08,23,287.2
2025-09-22,0,273.2
2025-09-22,1,286.7
2025-09-22,2,302.9
2025-09-22,3,304.9
2025-09-22,4,301.7
2025-09-22,5,291.5
2025-09-22,6,267.5
2025-09-22,7,260.3
2025-09-22,8,214.9
2025-09-22,9,202.0
2025-09-22,10,182.3
2025-09-22,11,176.2
2025-09-22,12,155.8
2025-09-22,13,164.6
2025-09-22,14,148.0
2025-09-22,15,146.5
2025-09-22,16,165.4
2025-09-22,17,193.8
2025-09-22,18,219.4
2025-09-22,19,234.4
2025-09-22,20,248.1
2025-09-22,21,257.4
2025-09-22,22,283.0
2025-09-22,23,310.3
2025-10-08,0,309.3
2025-10-08,1,319.1
2025-10-08,2,325.5
2025-10-08,3,331.7
2025-10-08,4,326.9
2025-10-08,5,310.9
2025-10-08,6,274.0
2025-10-08,7,256.8
2025-10-08,8,169.1
2025-10-08,9,147.0
2025-10-08,10,145.5
2025-10-08,11,141.5
2025-10-08,12,124.8
2025-10-08,13,103.2
2025-10-08,14,79.1
2025-10-08,15,71.6
2025-10-08,16,89.7
2025-10-08,17,166.4
2025-10-08,18,191.1
2025-10-08,19,193.4
2025-10-08,20,199.6
2025-10-08,21,217.1
2025-10-08,22,252.2
2025-10-08,23,283.6
2025-10-15,0,314.8
2025-10-15,1,323.9
2025-10-15,2,333.7
2025-10-15,3,334.0
2025-10-15,4,309.3
2025-10-15,5,293.9
2025-10-15,6,254.2
2025-10-15,7,247.1
2025-10-15,8,158.4
2025-10-15,9,114.0
2025-10-15,10,106.7
2025-10-15,11,98.7
2025-10-15,12,79.6
2025-10-15,13,88.8
2025-10-15,14,97.0
2025-10-15,15,98.9
2025-10-15,16,108.0
2025-10-15,17,192.7
2025-10-15,18,202.9
2025-10-15,19,208.3
2025-10-15,20,214.2
2025-10-15,21,236.5
2025-10-15,22,260.3
2025-10-15,23,291.1
2025-10-22,0,324.4
2025-10-22,1,322.2
2025-10-22,2,331.8
2025-10-22,3,333.2
2025-10-22,4,323.2
2025-10-22,5,307.5
2025-10-22,6,272.4
2025-10-22,7,250.9
2025-10-22,8,204.3
2025-10-22,9,138.0
2025-10-22,10,132.4
2025-10-22,11,163.0
2025-10-22,12,145.5
2025-10-22,13,130.1
2025-10-22,14,139.2
2025-10-22,15,117.1
2025-10-22,16,102.3
2025-10-22,17,155.4
2025-10-22,18,183.0
2025-10-22,19,187.8
2025-10-22,20,207.5
2025-10-22,21,226.0
2025-10-22,22,251.8
2025-10-22,23,269.9
2025-11-08,0,310.4
2025-11-08,1,327.7
2025-11-08,2,335.7
2025-11-08,3,342.9
2025-11-08,4,340.6
2025-11-08,5,326.3
2025-11-08,6,318.6
2025-11-08,7,203.1
2025-11-08,8,110.5
2025-11-08,9,100.3
2025-11-08,10,96.1
2025-11-08,11,88.1
2025-11-08,12,79.6
2025-11-08,13,91.8
2025-11-08,14,92.6
2025-11-08,15,133.2
2025-11-08,16,196.5
2025-11-08,17,220.8
2025-11-08,18,232.6
2025-11-08,19,242.3
2025-11-08,20,250.6
2025-11-08,21,249.0
2025-11-08,22,273.5
2025-11-08,23,289.5
2025-11-22,0,324.7
2025-11-22,1,320.5
2025-11-22,2,317.4
2025-11-22,3,314.9
2025-11-22,4,307.2
2025-11-22,5,304.3
2025-11-22,6,282.2
2025-11-22,7,280.6
2025-11-22,8,250.4
2025-11-22,9,225.6
2025-11-22,10,235.3
2025-11-22,11,250.8
2025-11-22,12,254.9
2025-11-22,13,251.7
2025-11-22,14,236.6
2025-11-22,15,229.5
2025-11-22,16,235.6
2025-11-22,17,230.3
2025-11-22,18,244.6
2025-11-22,19,264.2
2025-11-22,20,272.7
2025-11-22,21,273.5
2025-11-22,22,284.6
2025-11-22,23,305.6
2025-12-08,0,338.8
2025-12-08,1,343.0
2025-12-08,2,351.4
2025-12-08,3,357.8
2025-12-08,4,347.6
2025-12-08,5,324.6
2025-12-08,6,278.3
2025-12-08,7,267.7
2025-12-08,8,231.8
2025-12-08,9,218.3
2025-12-08,10,227.9
2025-12-08,11,248.3
2025-12-08,12,257.8
2025-12-08,13,255.4
2025-12-08,14,240.4
2025-12-08,15,236.8
2025-12-08,16,256.3
2025-12-08,17,255.5
2025-12-08,18,262.5
2025-12-08,19,265.7
2025-12-08,20,260.8
2025-12-08,21,263.6
2025-12-08,22,293.2
2025-12-08,23,312.4
2025-12-22,0,318.3
2025-12-22,1,327.0
2025-12-22,2,343.2
2025-12-22,3,348.1
2025-12-22,4,333.3
2025-12-22,5,311.6
2025-12-22,6,283.5
2025-12-22,7,266.8
2025-12-22,8,232.5
2025-12-22,9,206.0
2025-12-22,10,194.9
2025-12-22,11,179.3
2025-12-22,12,179.5
2025-12-22,13,196.3
2025-12-22,14,219.2
2025-12-22,15,237.0
2025-12-22,16,242.4
2025-12-22,17,246.5
2025-12-22,18,258.6
2025-12-22,19,261.0
2025-12-22,20,273.5
2025-12-22,21,281.5
2025-12-22,22,298.2
2025-12-22,23,321.5
2026-01-08,0,242.9
2026-01-08,1,267.1
2026-01-08,2,287.5
2026-01-08,3,287.7
2026-01-08,4,271.3
2026-01-08,5,239.3
2026-01-08,6,186.9
2026-01-08,7,190.2
2026-01-08,8,138.4
2026-01-08,9,71.2
2026-01-08,10,76.1
2026-01-08,11,89.1
2026-01-08,12,110.4
2026-01-08,13,106.8
2026-01-08,14,81.4
2026-01-08,15,114.1
2026-01-08,16,192.3
2026-01-08,17,181.1
2026-01-08,18,184.8
2026-01-08,19,204.6
2026-01-08,20,213.1
2026-01-08,21,218.9
2026-01-08,22,245.4
2026-01-08,23,266.8
2026-01-15,0,306.1
2026-01-15,1,317.7
2026-01-15,2,326.6
2026-01-15,3,340.3
2026-01-15,4,331.5
2026-01-15,5,305.7
2026-01-15,6,255.4
2026-01-15,7,242.8
2026-01-15,8,186.1
2026-01-15,9,153.0
2026-01-15,10,147.7
2026-01-15,11,162.7
2026-01-15,12,180.4
2026-01-15,13,185.8
2026-01-15,14,161.9
2026-01-15,15,155.5
2026-01-15,16,216.7
2026-01-15,17,215.1
2026-01-15,18,215.9
2026-01-15,19,227.1
2026-01-15,20,234.4
2026-01-15,21,238.1
2026-01-15,22,255.0
2026-01-15,23,274.6
2026-01-22,0,328.1
2026-01-22,1,334.8
2026-01-22,2,342.4
2026-01-22,3,348.8
2026-01-22,4,334.5
2026-01-22,5,313.3
2026-01-22,6,264.6
2026-01-22,7,250.3
2026-01-22,8,243.8
2026-01-22,9,231.3
2026-01-22,10,225.1
2026-01-22,11,244.1
2026-01-22,12,249.8
2026-01-22,13,238.5
2026-01-22,14,228.5
2026-01-22,15,223.4
2026-01-22,16,248.1
2026-01-22,17,236.6
2026-01-22,18,239.6
2026-01-22,19,251.9
2026-01-22,20,262.1
2026-01-22,21,267.6
2026-01-22,22,298.6
2026-01-22,23,310.4
2026-02-08,0,280.2
2026-02-08,1,293.1
2026-02-08,2,309.0
2026-02-08,3,314.7
2026-02-08,4,310.2
2026-02-08,5,290.8
2026-02-08,6,256.2
2026-02-08,7,224.9
2026-02-08,8,117.7
2026-02-08,9,78.9
2026-02-08,10,56.3
2026-02-08,11,49.9
2026-02-08,12,53.0
2026-02-08,13,61.4
2026-02-08,14,59.1
2026-02-08,15,49.1
2026-02-08,16,144.6
2026-02-08,17,197.9
2026-02-08,18,195.5
2026-02-08,19,204.2
2026-02-08,20,212.6
2026-02-08,21,223.0
2026-02-08,22,240.0
2026-02-08,23,256.9
2026-02-22,0,296.0
2026-02-22,1,301.6
2026-02-22,2,314.8
2026-02-22,3,314.2
2026-02-22,4,312.4
2026-02-22,5,302.5
2026-02-22,6,270.9
2026-02-22,7,201.0
2026-02-22,8,97.9
2026-02-22,9,87.8
2026-02-22,10,67.0
2026-02-22,11,74.2
2026-02-22,12,108.4
2026-02-22,13,128.0
2026-02-22,14,97.6
2026-02-22,15,69.0
2026-02-22,16,105.4
2026-02-22,17,210.1
2026-02-22,18,221.2
2026-02-22,19,224.8
2026-02-22,20,229.4
2026-02-22,21,238.2
2026-02-22,22,268.9
2026-02-22,23,301.7
2026-03-10,0,225.1
2026-03-10,1,242.0
2026-03-10,2,252.7
2026-03-10,3,235.4
2026-03-10,4,223.8
2026-03-10,5,202.8
2026-03-10,6,164.1
2026-03-10,7,151.3
2026-03-10,8,98.3
2026-03-10,9,36.3
2026-03-10,10,30.1
2026-03-10,11,31.5
2026-03-10,12,18.0
2026-03-10,13,33.5
2026-03-10,14,50.9
2026-03-10,15,68.5
2026-03-10,16,81.7
2026-03-10,17,87.2
2026-03-10,18,141.9
2026-03-10,19,137.6
2026-03-10,20,132.9
2026-03-10,21,133.8
2026-03-10,22,163.4
2026-03-10,23,186.1
2026-03-22,0,198.3
2026-03-22,1,210.0
2026-03-22,2,231.0
2026-03-22,3,236.7
2026-03-22,4,232.2
2026-03-22,5,213.5
2026-03-22,6,197.5
2026-03-22,7,184.7
2026-03-22,8,72.4
2026-03-22,9,44.4
2026-03-22,10,16.7
2026-03-22,11,13.3
2026-03-22,12,-1.0
2026-03-22,13,-25.1
2026-03-22,14,-56.2
2026-03-22,15,-31.3
2026-03-22,16,12.0
2026-03-22,17,56.5
2026-03-22,18,100.9
2026-03-22,19,134.5
2026-03-22,20,134.9
2026-03-22,21,156.4
2026-03-22,22,179.9
2026-03-22,23,200.1
2026-04-08,0,203.4
2026-04-08,1,207.8
2026-04-08,2,212.5
2026-04-08,3,220.6
2026-04-08,4,211.7
2026-04-08,5,185.7
2026-04-08,6,148.5
2026-04-08,7,120.1
2026-04-08,8,73.1
2026-04-08,9,40.8
2026-04-08,10,33.4
2026-04-08,11,22.5
2026-04-08,12,6.0
2026-04-08,13,-0.7
2026-04-08,14,-7.6
2026-04-08,15,-16.4
2026-04-08,16,-12.0
2026-04-08,17,8.1
2026-04-08,18,90.2
2026-04-08,19,112.5
2026-04-08,20,122.6
2026-04-08,21,133.0
2026-04-08,22,153.5
2026-04-08,23,183.6
2026-04-15,0,182.8
2026-04-15,1,199.0
2026-04-15,2,211.3
2026-04-15,3,213.5
2026-04-15,4,205.9
2026-04-15,5,189.2
2026-04-15,6,161.7
2026-04-15,7,128.2
2026-04-15,8,99.7
2026-04-15,9,102.9
2026-04-15,10,97.6
2026-04-15,11,110.4
2026-04-15,12,133.8
2026-04-15,13,127.8
2026-04-15,14,125.5
2026-04-15,15,92.4
2026-04-15,16,84.6
2026-04-15,17,62.0
2026-04-15,18,96.7
2026-04-15,19,101.9
2026-04-15,20,104.1
2026-04-15,21,114.4
2026-04-15,22,136.3
2026-04-15,23,157.3
2026-04-22,0,185.3
2026-04-22,1,188.2
2026-04-22,2,185.7
2026-04-22,3,192.9
2026-04-22,4,188.1
2026-04-22,5,160.8
2026-04-22,6,166.3
2026-04-22,7,138.1
2026-04-22,8,110.2
2026-04-22,9,95.9
2026-04-22,10,113.6
2026-04-22,11,121.7
2026-04-22,12,122.7
2026-04-22,13,124.7
2026-04-22,14,130.1
2026-04-22,15,114.1
2026-04-22,16,83.0
2026-04-22,17,60.1
2026-04-22,18,85.6
2026-04-22,19,118.7
2026-04-22,20,116.0
2026-04-22,21,115.2
2026-04-22,22,143.5
2026-04-22,23,158.9
2026-05-08,0,181.3
2026-05-08,1,190.0
2026-05-08,2,182.1
2026-05-08,3,171.9
2026-05-08,4,160.1
2026-05-08,5,143.9
2026-05-08,6,114.7
2026-05-08,7,78.4
2026-05-08,8,49.2
2026-05-08,9,40.4
2026-05-08,10,21.6
2026-05-08,11,2.9
2026-05-08,12,6.4
2026-05-08,13,8.2
2026-05-08,14,4.0
2026-05-08,15,-13.1
2026-05-08,16,-23.2
2026-05-08,17,-22.2
2026-05-08,18,38.8
2026-05-08,19,56.4
2026-05-08,20,75.1
2026-05-08,21,92.5
2026-05-08,22,108.5
2026-05-08,23,130.2
2026-05-22,0,188.7
2026-05-22,1,195.8
2026-05-22,2,202.9
2026-05-22,3,208.1
2026-05-22,4,201.9
2026-05-22,5,187.3
2026-05-22,6,153.9
2026-05-22,7,66.4
2026-05-22,8,46.3
2026-05-22,9,44.1
2026-05-22,10,41.6
2026-05-22,11,36.5
2026-05-22,12,29.4
2026-05-22,13,2.3
2026-05-22,14,-1.7
2026-05-22,15,-8.4
2026-05-22,16,-6.0
2026-05-22,17,9.6
2026-05-22,18,51.7
2026-05-22,19,73.4
2026-05-22,20,82.8
2026-05-22,21,91.2
2026-05-22,22,107.3
2026-05-22,23,117.8
2026-06-08,0,181.7
2026-06-08,1,198.4
2026-06-08,2,204.1
2026-06-08,3,197.3
2026-06-08,4,179.0
2026-06-08,5,170.9
2026-06-08,6,154.3
2026-06-08,7,73.4
2026-06-08,8,37.9
2026-06-08,9,-1.9
2026-06-08,10,-21.0
2026-06-08,11,-29.5
2026-06-08,12,-7.1
2026-06-08,13,-25.5
2026-06-08,14,-38.0
2026-06-08,15,-41.0
2026-06-08,16,-4.2
2026-06-08,17,19.9
2026-06-08,18,62.2
2026-06-08,19,85.1
2026-06-08,20,94.4
2026-06-08,21,94.2
2026-06-08,22,130.3
2026-06-08,23,150.6
2026-06-22,0,168.8
2026-06-22,1,182.5
2026-06-22,2,190.8
2026-06-22,3,192.4
2026-06-22,4,191.7
2026-06-22,5,188.5
2026-06-22,6,166.0
2026-06-22,7,96.0
2026-06-22,8,62.4
2026-06-22,9,58.3
2026-06-22,10,42.2
2026-06-22,11,23.1
2026-06-22,12,3.6
2026-06-22,13,2.6
2026-06-22,14,6.4
2026-06-22,15,7.3
2026-06-22,16,18.4
2026-06-22,17,53.1
2026-06-22,18,89.4
2026-06-22,19,103.4
2026-06-22,20,121.4
2026-06-22,21,138.1
2026-06-22,22,170.5
2026-06-22,23,189.0
2026-07-08,0,247.8
2026-07-08,1,261.3
2026-07-08,2,277.0
2026-07-08,3,276.9
2026-07-08,4,267.3
2026-07-08,5,251.2
2026-07-08,6,219.3
2026-07-08,7,120.0
2026-07-08,8,91.6
2026-07-08,9,82.5
2026-07-08,10,63.0
2026-07-08,11,35.2
2026-07-08,12,15.5
2026-07-08,13,3.8
2026-07-08,14,10.7
2026-07-08,15,37.5
2026-07-08,16,82.0
2026-07-08,17,100.7
2026-07-08,18,122.1
2026-07-08,19,140.5
2026-07-08,20,145.0
2026-07-08,21,154.3
2026-07-08,22,177.9
2026-07-08,23,215.4
2026-07-15,0,261.1
2026-07-15,1,269.6
2026-07-15,2,275.9
2026-07-15,3,284.6
2026-07-15,4,287.7
2026-07-15,5,278.2
2026-07-15,6,242.2
2026-07-15,7,194.8
2026-07-15,8,169.8
2026-07-15,9,155.6
2026-07-15,10,133.0
2026-07-15,11,120.2
2026-07-15,12,113.7
2026-07-15,13,115.0
2026-07-15,14,116.2
2026-07-15,15,120.3
2026-07-15,16,127.0
2026-07-15,17,146.6
2026-07-15,18,161.6
2026-07-15,19,175.6
2026-07-15,20,183.6
2026-07-15,21,193.3
2026-07-15,22,219.8
2026-07-15,23,246.0
