Date/Time,Energy Delivered (kWh)
07/24/2025,61.85
07/25/2025,60.53
07/26/2025,58.91
07/27/2025,62.29
07/28/2025,60.72
07/29/2025,58.34
07/30/2025,61.83
07/31/2025,61.69
08/01/2025,61.26
08/02/2025,60.10
08/03/2025,58.31
08/04/2025,55.19
08/05/2025,58.71
08/06/2025,56.72
08/07/2025,56.93
08/08/2025,57.11
08/09/2025,57.06
08/10/2025,56.17
08/11/2025,56.88
08/12/2025,56.53
08/13/2025,56.54
08/14/2025,52.41
08/15/2025,57.72
08/16/2025,53.49
08/17/2025,58.62
08/18/2025,58.60
08/19/2025,58.20
08/20/2025,49.42
08/21/2025,50.88
08/22/2025,54.82
08/23/2025,40.07
08/24/2025,55.25
08/25/2025,48.93
08/26/2025,54.90
08/27/2025,47.90
08/28/2025,15.07
08/29/2025,55.99
08/30/2025,56.30
08/31/2025,56.78
09/01/2025,55.15
09/02/2025,52.58
09/03/2025,54.88
09/04/2025,55.65
09/05/2025,56.37
09/06/2025,56.40
09/07/2025,54.45
09/08/2025,55.63
09/09/2025,56.96
09/10/2025,56.36
09/11/2025,55.13
09/12/2025,53.94
09/13/2025,37.27
09/14/2025,48.43
09/15/2025,55.89
09/16/2025,51.78
09/17/2025,28.11
09/18/2025,44.75
09/19/2025,53.75
09/20/2025,51.33
09/21/2025,6.03
09/22/2025,37.17
09/23/2025,52.19
09/24/2025,52.81
09/25/2025,49.33
09/26/2025,24.15
09/27/2025,28.70
09/28/2025,44.49
09/29/2025,51.37
09/30/2025,45.80
10/01/2025,53.45
10/02/2025,53.90
10/03/2025,35.79
10/04/2025,53.23
10/05/2025,42.76
10/06/2025,45.31
10/07/2025,46.26
10/08/2025,46.17
10/09/2025,41.69
10/10/2025,38.52
10/11/2025,50.85
10/12/2025,52.03
10/13/2025,25.08
10/14/2025,12.21
10/15/2025,37.19
10/16/2025,51.00
10/17/2025,49.98
10/18/2025,49.61
10/19/2025,49.66
10/20/2025,49.42
10/21/2025,34.96
10/22/2025,45.76
10/23/2025,43.19
10/24/2025,46.81
10/25/2025,40.33
10/26/2025,43.26
10/27/2025,45.42
10/28/2025,45.69
10/29/2025,45.85
10/30/2025,45.08
10/31/2025,42.47
11/01/2025,43.84
11/02/2025,41.71
11/03/2025,36.35
11/04/2025,42.49
11/05/2025,41.53
11/06/2025,39.60
11/07/2025,42.12
11/08/2025,41.04
11/09/2025,41.83
11/10/2025,40.61
11/11/2025,33.50
11/12/2025,31.69
11/13/2025,33.74
11/14/2025,4.98
11/15/2025,1.99
11/16/2025,24.47
11/17/2025,34.35
11/18/2025,24.95
11/19/2025,39.35
11/20/2025,26.89
11/21/2025,27.95
11/22/2025,13.63
11/23/2025,36.96
11/24/2025,33.64
11/25/2025,37.84
11/26/2025,37.39
11/27/2025,33.35
11/28/2025,36.46
11/29/2025,36.30
11/30/2025,35.56
12/01/2025,35.27
12/02/2025,34.85
12/03/2025,29.57
12/04/2025,35.76
12/05/2025,35.32
12/06/2025,34.49
12/07/2025,34.06
12/08/2025,34.23
12/09/2025,34.31
12/10/2025,33.92
12/11/2025,33.75
12/12/2025,31.19
12/13/2025,29.89
12/14/2025,27.05
12/15/2025,34.07
12/16/2025,33.78
12/17/2025,33.08
12/18/2025,31.63
12/19/2025,33.11
12/20/2025,17.81
12/21/2025,31.96
12/22/2025,23.40
12/23/2025,5.17
12/24/2025,3.10
12/25/2025,28.98
12/26/2025,15.67
12/27/2025,27.14
12/28/2025,35.04
12/29/2025,35.18
12/30/2025,6.46
12/31/2025,3.29
01/01/2026,8.36
01/02/2026,11.95
01/03/2026,17.63
01/04/2026,18.13
01/05/2026,20.18
01/06/2026,16.55
01/07/2026,28.94
01/08/2026,34.89
01/09/2026,37.61
01/10/2026,37.30
01/11/2026,37.28
01/12/2026,36.92
01/13/2026,37.19
01/14/2026,36.44
01/15/2026,36.94
01/16/2026,38.02
01/17/2026,38.20
01/18/2026,37.82
01/19/2026,38.49
01/20/2026,38.69
01/21/2026,19.46
01/22/2026,17.93
01/23/2026,23.64
01/24/2026,16.32
01/25/2026,38.05
01/26/2026,38.86
01/27/2026,40.92
01/28/2026,23.78
01/29/2026,41.19
01/30/2026,41.09
01/31/2026,41.00
02/01/2026,41.76
02/02/2026,40.50
02/03/2026,42.73
02/04/2026,43.42
02/05/2026,34.03
02/06/2026,41.50
02/07/2026,43.58
02/08/2026,44.46
02/09/2026,40.23
02/10/2026,15.95
02/11/2026,10.94
02/12/2026,44.70
02/13/2026,45.95
02/14/2026,45.24
02/15/2026,27.37
02/16/2026,8.65
02/17/2026,33.53
02/18/2026,44.54
02/19/2026,17.85
02/20/2026,40.18
02/21/2026,50.44
02/22/2026,50.61
02/23/2026,48.59
02/24/2026,43.85
02/25/2026,49.78
02/26/2026,50.22
02/27/2026,50.15
02/28/2026,50.98
03/01/2026,51.01
03/02/2026,51.28
03/03/2026,51.28
03/04/2026,39.65
03/05/2026,53.73
03/06/2026,48.46
03/07/2026,54.35
03/08/2026,53.92
03/09/2026,40.81
03/10/2026,44.73
03/11/2026,53.70
03/12/2026,53.36
03/13/2026,49.36
03/14/2026,53.95
03/15/2026,53.80
03/16/2026,50.82
03/17/2026,53.11
03/18/2026,53.46
03/19/2026,53.46
03/20/2026,53.60
03/21/2026,53.65
03/22/2026,53.87
03/23/2026,55.33
03/24/2026,53.20
03/25/2026,56.60
03/26/2026,56.19
03/27/2026,55.95
03/28/2026,53.94
03/29/2026,54.43
03/30/2026,42.90
03/31/2026,15.71
04/01/2026,53.15
04/02/2026,32.40
04/03/2026,49.10
04/04/2026,55.52
04/05/2026,53.17
04/06/2026,46.75
04/07/2026,56.75
04/08/2026,57.06
04/09/2026,40.54
04/10/2026,55.68
04/11/2026,55.97
04/12/2026,27.48
04/13/2026,46.89
04/14/2026,56.51
04/15/2026,59.63
04/16/2026,52.58
04/17/2026,58.85
04/18/2026,58.78
04/19/2026,56.26
04/20/2026,56.29
04/21/2026,49.60
04/22/2026,55.97
04/23/2026,58.16
04/24/2026,58.20
04/25/2026,31.60
04/26/2026,45.98
04/27/2026,53.14
04/28/2026,60.16
04/29/2026,61.32
04/30/2026,54.86
05/01/2026,56.52
05/02/2026,36.92
05/03/2026,38.38
05/04/2026,51.18
05/05/2026,57.91
05/06/2026,60.33
05/07/2026,61.29
05/08/2026,53.95
05/09/2026,60.90
05/10/2026,60.95
05/11/2026,61.77
05/12/2026,15.07
05/13/2026,54.53
05/14/2026,58.65
05/15/2026,38.21
05/16/2026,37.62
05/17/2026,37.74
05/18/2026,58.41
05/19/2026,60.09
05/20/2026,60.33
05/21/2026,60.53
05/22/2026,60.34
05/23/2026,51.98
05/24/2026,30.27
05/25/2026,36.20
05/26/2026,27.40
05/27/2026,51.38
05/28/2026,58.13
05/29/2026,57.96
05/30/2026,61.50
05/31/2026,60.23
06/01/2026,58.55
06/02/2026,56.67
06/03/2026,54.35
06/04/2026,59.09
06/05/2026,49.59
06/06/2026,45.82
06/07/2026,59.87
06/08/2026,60.74
06/09/2026,60.24
06/10/2026,60.56
06/11/2026,60.91
06/12/2026,57.58
06/13/2026,59.65
06/14/2026,59.19
06/15/2026,56.48
06/16/2026,60.03
06/17/2026,59.71
06/18/2026,38.78
06/19/2026,61.37
06/20/2026,55.42
06/21/2026,55.41
06/22/2026,62.11
06/23/2026,51.30
06/24/2026,55.52
06/25/2026,61.75
06/26/2026,61.71
06/27/2026,47.08
06/28/2026,59.46
06/29/2026,52.11
06/30/2026,43.36
07/01/2026,44.13
07/02/2026,57.18
07/03/2026,60.21
07/04/2026,54.29
07/05/2026,60.60
07/06/2026,60.84
07/07/2026,60.95
07/08/2026,61.81
07/09/2026,61.79
07/10/2026,56.45
07/11/2026,52.02
07/12/2026,32.74
07/13/2026,45.61
07/14/2026,57.33
07/15/2026,57.39
07/16/2026,56.95
07/17/2026,53.32
07/18/2026,56.41
07/19/2026,56.61
07/20/2026,39.97
07/21/2026,52.05
07/22/2026,58.29
07/23/2026,56.99
Total,"16,501.77"
