date,generated_kwh
2025-07-24,62.926
2025-07-25,61.611
2025-07-26,59.996
2025-07-27,63.384
2025-07-28,61.803
2025-07-29,59.469
2025-07-30,62.913
2025-07-31,62.766
2025-08-01,62.339
2025-08-02,61.204
2025-08-03,59.386
2025-08-04,56.255
2025-08-05,59.780
2025-08-06,57.789
2025-08-07,57.981
2025-08-08,58.227
2025-08-09,58.152
2025-08-10,57.289
2025-08-11,58.053
2025-08-12,57.696
2025-08-13,57.747
2025-08-14,53.402
2025-08-15,58.785
2025-08-16,54.574
2025-08-17,59.568
2025-08-18,59.671
2025-08-19,59.117
2025-08-20,47.835
2025-08-21,51.863
2025-08-22,55.813
2025-08-23,41.068
2025-08-24,56.197
2025-08-25,49.909
2025-08-26,55.919
2025-08-27,48.868
2025-08-28,16.170
2025-08-29,56.982
2025-08-30,57.345
2025-08-31,57.846
2025-09-01,56.226
2025-09-02,53.570
2025-09-03,55.858
2025-09-04,56.650
2025-09-05,57.404
2025-09-06,57.435
2025-09-07,55.513
2025-09-08,56.624
2025-09-09,57.993
2025-09-10,57.400
2025-09-11,56.128
2025-09-12,54.996
2025-09-13,38.341
2025-09-14,49.457
2025-09-15,56.883
2025-09-16,52.719
2025-09-17,29.023
2025-09-18,45.868
2025-09-19,54.761
2025-09-20,52.184
2025-09-21,6.975
2025-09-22,38.154
2025-09-23,53.030
2025-09-24,53.571
2025-09-25,50.245
2025-09-26,25.058
2025-09-27,29.670
2025-09-28,45.437
2025-09-29,52.199
2025-09-30,46.671
2025-10-01,54.259
2025-10-02,54.786
2025-10-03,36.643
2025-10-04,54.110
2025-10-05,43.692
2025-10-06,46.274
2025-10-07,47.164
2025-10-08,47.101
2025-10-09,42.599
2025-10-10,39.465
2025-10-11,51.789
2025-10-12,52.986
2025-10-13,26.040
2025-10-14,13.218
2025-10-15,38.142
2025-10-16,51.877
2025-10-17,50.826
2025-10-18,50.500
2025-10-19,50.557
2025-10-20,50.283
2025-10-21,35.884
2025-10-22,46.545
2025-10-23,44.020
2025-10-24,47.343
2025-10-25,41.003
2025-10-26,43.993
2025-10-27,46.066
2025-10-28,46.246
2025-10-29,46.380
2025-10-30,45.676
2025-10-31,43.204
2025-11-01,44.701
2025-11-02,42.482
2025-11-03,37.171
2025-11-04,43.282
2025-11-05,42.325
2025-11-06,40.426
2025-11-07,42.888
2025-11-08,41.829
2025-11-09,42.632
2025-11-10,41.378
2025-11-11,34.303
2025-11-12,32.529
2025-11-13,34.574
2025-11-14,5.722
2025-11-15,2.645
2025-11-16,25.327
2025-11-17,35.153
2025-11-18,25.808
2025-11-19,40.150
2025-11-20,27.635
2025-11-21,28.780
2025-11-22,14.411
2025-11-23,37.790
2025-11-24,34.416
2025-11-25,38.587
2025-11-26,38.156
2025-11-27,34.061
2025-11-28,37.242
2025-11-29,37.047
2025-11-30,36.337
2025-12-01,35.992
2025-12-02,35.469
2025-12-03,30.314
2025-12-04,36.429
2025-12-05,36.040
2025-12-06,35.171
2025-12-07,34.718
2025-12-08,34.916
2025-12-09,34.951
2025-12-10,34.552
2025-12-11,34.396
2025-12-12,31.882
2025-12-13,30.466
2025-12-14,27.766
2025-12-15,34.738
2025-12-16,34.467
2025-12-17,33.726
2025-12-18,32.422
2025-12-19,33.711
2025-12-20,18.560
2025-12-21,32.606
2025-12-22,24.067
2025-12-23,5.953
2025-12-24,3.848
2025-12-25,29.548
2025-12-26,16.429
2025-12-27,27.859
2025-12-28,35.770
2025-12-29,35.856
2025-12-30,7.258
2025-12-31,4.046
2026-01-01,9.081
2026-01-02,12.622
2026-01-03,18.383
2026-01-04,18.926
2026-01-05,20.911
2026-01-06,17.304
2026-01-07,29.650
2026-01-08,35.694
2026-01-09,38.414
2026-01-10,38.071
2026-01-11,38.049
2026-01-12,37.684
2026-01-13,38.000
2026-01-14,37.195
2026-01-15,37.672
2026-01-16,38.777
2026-01-17,38.980
2026-01-18,38.618
2026-01-19,39.280
2026-01-20,39.497
2026-01-21,20.227
2026-01-22,18.656
2026-01-23,24.506
2026-01-24,17.214
2026-01-25,38.864
2026-01-26,39.698
2026-01-27,41.765
2026-01-28,24.642
2026-01-29,41.924
2026-01-30,41.830
2026-01-31,41.763
2026-02-01,42.553
2026-02-02,41.267
2026-02-03,43.466
2026-02-04,44.111
2026-02-05,34.887
2026-02-06,42.290
2026-02-07,44.345
2026-02-08,45.163
2026-02-09,40.947
2026-02-10,16.822
2026-02-11,11.766
2026-02-12,45.506
2026-02-13,46.547
2026-02-14,45.810
2026-02-15,28.113
2026-02-16,9.500
2026-02-17,34.295
2026-02-18,45.448
2026-02-19,18.634
2026-02-20,41.127
2026-02-21,51.377
2026-02-22,51.498
2026-02-23,49.483
2026-02-24,44.711
2026-02-25,50.619
2026-02-26,51.078
2026-02-27,51.021
2026-02-28,51.880
2026-03-01,51.881
2026-03-02,52.225
2026-03-03,52.169
2026-03-04,40.640
2026-03-05,54.652
2026-03-06,49.311
2026-03-07,55.280
2026-03-08,54.828
2026-03-09,41.725
2026-03-10,45.640
2026-03-11,54.505
2026-03-12,54.106
2026-03-13,50.140
2026-03-14,54.748
2026-03-15,54.631
2026-03-16,51.522
2026-03-17,53.799
2026-03-18,54.146
2026-03-19,54.264
2026-03-20,54.468
2026-03-21,54.540
2026-03-22,54.720
2026-03-23,56.289
2026-03-24,54.045
2026-03-25,57.582
2026-03-26,57.144
2026-03-27,56.984
2026-03-28,54.926
2026-03-29,55.415
2026-03-30,43.890
2026-03-31,16.756
2026-04-01,54.234
2026-04-02,33.437
2026-04-03,50.075
2026-04-04,56.450
2026-04-05,54.171
2026-04-06,47.763
2026-04-07,57.724
2026-04-08,58.043
2026-04-09,41.528
2026-04-10,56.700
2026-04-11,57.018
2026-04-12,28.450
2026-04-13,47.861
2026-04-14,57.478
2026-04-15,60.580
2026-04-16,53.571
2026-04-17,59.736
2026-04-18,59.670
2026-04-19,57.202
2026-04-20,57.378
2026-04-21,50.704
2026-04-22,56.988
2026-04-23,59.213
2026-04-24,59.238
2026-04-25,32.668
2026-04-26,47.216
2026-04-27,55.293
2026-04-28,61.241
2026-04-29,62.385
2026-04-30,56.028
2026-05-01,57.657
2026-05-02,37.996
2026-05-03,39.471
2026-05-04,52.155
2026-05-05,59.091
2026-05-06,61.409
2026-05-07,62.369
2026-05-08,55.052
2026-05-09,62.033
2026-05-10,62.082
2026-05-11,62.861
2026-05-12,16.212
2026-05-13,55.632
2026-05-14,59.774
2026-05-15,39.365
2026-05-16,38.824
2026-05-17,38.886
2026-05-18,59.478
2026-05-19,61.117
2026-05-20,61.362
2026-05-21,61.619
2026-05-22,61.396
2026-05-23,53.139
2026-05-24,31.369
2026-05-25,37.329
2026-05-26,28.575
2026-05-27,52.397
2026-05-28,59.240
2026-05-29,59.048
2026-05-30,62.602
2026-05-31,61.325
2026-06-01,59.615
2026-06-02,57.740
2026-06-03,55.363
2026-06-04,60.132
2026-06-05,50.746
2026-06-06,46.800
2026-06-07,60.942
2026-06-08,61.883
2026-06-09,61.415
2026-06-10,61.695
2026-06-11,62.130
2026-06-12,58.723
2026-06-13,60.842
2026-06-14,60.356
2026-06-15,57.617
2026-06-16,61.220
2026-06-17,60.764
2026-06-18,39.920
2026-06-19,62.462
2026-06-20,56.585
2026-06-21,56.641
2026-06-22,63.299
2026-06-23,52.377
2026-06-24,56.557
2026-06-25,62.797
2026-06-26,62.789
2026-06-27,48.196
2026-06-28,60.701
2026-06-29,53.349
2026-06-30,44.561
2026-07-01,45.210
2026-07-02,58.252
2026-07-03,61.324
2026-07-04,55.501
2026-07-05,61.718
2026-07-06,62.032
2026-07-07,62.041
2026-07-08,62.827
2026-07-09,62.861
2026-07-10,57.514
2026-07-11,53.153
2026-07-12,33.958
2026-07-13,46.691
2026-07-14,58.380
2026-07-15,58.414
2026-07-16,57.991
2026-07-17,54.408
2026-07-18,57.493
2026-07-19,57.713
2026-07-20,41.018
2026-07-21,53.091
2026-07-22,59.387
2026-07-23,58.021
