DATE,TIME,ENERGY_OUT,POWER_OUT,ENERGY_IN,POWER_IN,TEMPERATURE,VOLTAGE
2026-07-23,00:00,0,0,,,20.4,-1
2026-07-23,00:05,,0,,,20.4,-1
2026-07-23,00:10,,0,,,20.3,-1
2026-07-23,00:15,,0,,,20.2,-1
2026-07-23,00:20,,0,,,20.2,-1
2026-07-23,00:25,,0,,,20.3,-1
2026-07-23,00:30,,0,,,20.3,-1
2026-07-23,00:35,,0,,,20.2,-1
2026-07-23,00:40,,0,,,20.2,-1
2026-07-23,00:45,,0,,,20.2,-1
2026-07-23,00:50,,0,,,20.2,-1
2026-07-23,00:55,,0,,,20.2,-1
2026-07-23,01:00,,0,,,20.1,-1
2026-07-23,01:05,,0,,,20.1,-1
2026-07-23,01:10,,0,,,20.1,-1
2026-07-23,01:15,,0,,,20.1,-1
2026-07-23,01:20,,0,,,20.1,-1
2026-07-23,01:25,,0,,,20.1,-1
2026-07-23,01:30,,0,,,20.1,-1
2026-07-23,01:35,,0,,,20,-1
2026-07-23,01:40,,0,,,20,-1
2026-07-23,01:45,,0,,,20,-1
2026-07-23,01:50,,0,,,20.1,-1
2026-07-23,01:55,,0,,,20.1,-1
2026-07-23,02:00,,0,,,20,-1
2026-07-23,02:05,,0,,,20,-1
2026-07-23,02:10,,0,,,20,-1
2026-07-23,02:15,,0,,,20,-1
2026-07-23,02:20,,0,,,20,-1
2026-07-23,02:25,,0,,,20,-1
2026-07-23,02:30,,0,,,19.9,-1
2026-07-23,02:35,,0,,,20,-1
2026-07-23,02:40,,0,,,20,-1
2026-07-23,02:45,,0,,,19.9,-1
2026-07-23,02:50,,0,,,19.9,-1
2026-07-23,02:55,,0,,,19.9,-1
2026-07-23,03:00,,0,,,19.9,-1
2026-07-23,03:05,,0,,,,
2026-07-23,03:10,,0,,,19.9,-1
2026-07-23,03:15,,0,,,19.8,-1
2026-07-23,03:20,,0,,,19.8,-1
2026-07-23,03:25,,0,,,19.8,-1
2026-07-23,03:30,,0,,,19.8,-1
2026-07-23,03:35,,0,,,19.8,-1
2026-07-23,03:40,,0,,,19.8,-1
2026-07-23,03:45,,0,,,19.8,-1
2026-07-23,03:50,,0,,,19.8,-1
2026-07-23,03:55,,0,,,19.8,-1
2026-07-23,04:00,,0,,,19.8,-1
2026-07-23,04:05,,0,,,19.8,-1
2026-07-23,04:10,,0,,,19.8,-1
2026-07-23,04:15,,0,,,19.8,-1
2026-07-23,04:20,,0,,,19.8,-1
2026-07-23,04:25,,0,,,19.8,-1
2026-07-23,04:30,,0,,,19.8,-1
2026-07-23,04:35,,0,,,19.8,-1
2026-07-23,04:40,,0,,,19.7,-1
2026-07-23,04:45,,0,,,19.8,-1
2026-07-23,04:50,,0,,,19.7,-1
2026-07-23,04:55,,0,,,19.7,-1
2026-07-23,05:00,,0,,,19.7,-1
2026-07-23,05:05,,0,,,19.7,-1
2026-07-23,05:10,,0,,,19.7,-1
2026-07-23,05:15,,0,,,19.7,-1
2026-07-23,05:20,,0,,,19.7,-1
2026-07-23,05:25,,0,,,19.7,-1
2026-07-23,05:30,,0,,,19.7,-1
2026-07-23,05:35,,0,,,19.8,-1
2026-07-23,05:40,,0,,,19.7,-1
2026-07-23,05:45,,0,,,19.7,-1
2026-07-23,05:50,,0,,,19.6,-1
2026-07-23,05:55,,0,,,19.7,-1
2026-07-23,06:00,,0,,,19.7,-1
2026-07-23,06:05,1,12,,,19.7,-1
2026-07-23,06:10,13,144,,,19.7,-1
2026-07-23,06:15,28,180,,,19.7,-1
2026-07-23,06:20,43,180,,,19.7,-1
2026-07-23,06:25,58,180,,,19.7,-1
2026-07-23,06:30,73,180,,,19.7,-1
2026-07-23,06:35,88,180,,,19.9,-1
2026-07-23,06:40,103,180,,,20,-1
2026-07-23,06:45,118,180,,,20,-1
2026-07-23,06:50,133,180,,,20.1,-1
2026-07-23,06:55,148,180,,,20.2,-1
2026-07-23,07:00,163,180,,,20.1,-1
2026-07-23,07:05,180,204,,,20.3,-1
2026-07-23,07:10,232,624,,,20.3,-1
2026-07-23,07:15,296,768,,,20.4,-1
2026-07-23,07:20,361,780,,,20.6,-1
2026-07-23,07:25,426,780,,,20.7,-1
2026-07-23,07:30,491,780,,,20.7,-1
2026-07-23,07:35,556,780,,,,
2026-07-23,07:40,621,780,,,20.8,-1
2026-07-23,07:45,686,780,,,20.8,-1
2026-07-23,07:50,751,780,,,21.2,-1
2026-07-23,07:55,816,780,,,21.4,-1
2026-07-23,08:00,881,780,,,21.5,-1
2026-07-23,08:05,949,816,,,22,-1
2026-07-23,08:10,1051,1224,,,22.1,-1
2026-07-23,08:15,1168,1404,,,22.3,-1
2026-07-23,08:20,1287,1428,,,22.7,-1
2026-07-23,08:25,1406,1428,,,23.1,-1
2026-07-23,08:30,1525,1428,,,23.1,-1
2026-07-23,08:35,1644,1428,,,23.6,-1
2026-07-23,08:40,1763,1428,,,23.7,-1
2026-07-23,08:45,1882,1428,,,23.9,-1
2026-07-23,08:50,2001,1428,,,23.8,-1
2026-07-23,08:55,2120,1428,,,24.1,-1
2026-07-23,09:00,2239,1428,,,24.1,-1
2026-07-23,09:05,2361,1464,,,24.5,-1
2026-07-23,09:10,2606,2940,,,24.6,-1
2026-07-23,09:15,2925,3828,,,25,-1
2026-07-23,09:20,3247,3864,,,25.2,-1
2026-07-23,09:25,3569,3864,,,25.4,-1
2026-07-23,09:30,3891,3864,,,25.8,-1
2026-07-23,09:35,4213,3864,,,25.8,-1
2026-07-23,09:40,4535,3864,,,26.1,-1
2026-07-23,09:45,4857,3864,,,26.6,-1
2026-07-23,09:50,5179,3864,,,26.3,-1
2026-07-23,09:55,5501,3864,,,26.5,-1
2026-07-23,10:00,5823,3864,,,26.8,-1
2026-07-23,10:05,6146,3876,,,26.8,-1
2026-07-23,10:10,6576,5160,,,,
2026-07-23,10:15,7078,6024,,,27,-1
2026-07-23,10:20,7583,6060,,,27.3,-1
2026-07-23,10:25,8088,6060,,,27.4,-1
2026-07-23,10:30,8593,6060,,,27.5,-1
2026-07-23,10:35,9098,6060,,,27.8,-1
2026-07-23,10:40,9603,6060,,,27.8,-1
2026-07-23,10:45,10108,6060,,,27.8,-1
2026-07-23,10:50,10613,6060,,,28,-1
2026-07-23,10:55,11118,6060,,,27.5,-1
2026-07-23,11:00,11623,6060,,,28.1,-1
2026-07-23,11:05,12128,6060,,,28.3,-1
2026-07-23,11:10,12684,6672,,,28.5,-1
2026-07-23,11:15,13284,7200,,,28.5,-1
2026-07-23,11:20,13886,7224,,,28.7,-1
2026-07-23,11:25,14488,7224,,,28.7,-1
2026-07-23,11:30,15090,7224,,,28.7,-1
2026-07-23,11:35,15692,7224,,,28.5,-1
2026-07-23,11:40,16294,7224,,,28.7,-1
2026-07-23,11:45,16896,7224,,,28.8,-1
2026-07-23,11:50,17498,7224,,,29,-1
2026-07-23,11:55,18100,7224,,,29.2,-1
2026-07-23,12:00,18702,7224,,,29.1,-1
2026-07-23,12:05,19304,7224,,,29.3,-1
2026-07-23,12:10,19930,7512,,,29.4,-1
2026-07-23,12:15,20583,7836,,,29.7,-1
2026-07-23,12:20,21237,7848,,,29.5,-1
2026-07-23,12:25,21891,7848,,,29.5,-1
2026-07-23,12:30,22545,7848,,,29.6,-1
2026-07-23,12:35,23199,7848,,,29.5,-1
2026-07-23,12:40,23853,7848,,,29.6,-1
2026-07-23,12:45,24507,7848,,,29.4,-1
2026-07-23,12:50,25161,7848,,,29.5,-1
2026-07-23,12:55,25815,7848,,,29.6,-1
2026-07-23,13:00,26469,7848,,,29.6,-1
2026-07-23,13:05,27123,7848,,,29.6,-1
2026-07-23,13:10,27780,7884,,,29.5,-1
2026-07-23,13:15,28441,7932,,,29.7,-1
2026-07-23,13:20,29102,7932,,,29.8,-1
2026-07-23,13:25,29763,7932,,,29.7,-1
2026-07-23,13:30,30424,7932,,,29.6,-1
2026-07-23,13:35,31085,7932,,,29.5,-1
2026-07-23,13:40,31746,7932,,,29.6,-1
2026-07-23,13:45,32407,7932,,,29.8,-1
2026-07-23,13:50,33068,7932,,,29.8,-1
2026-07-23,13:55,33729,7932,,,29.8,-1
2026-07-23,14:00,34390,7932,,,29.8,-1
2026-07-23,14:05,35051,7932,,,,
2026-07-23,14:10,35698,7764,,,29.9,-1
2026-07-23,14:15,36320,7464,,,29.8,-1
2026-07-23,14:20,36940,7440,,,30,-1
2026-07-23,14:25,37560,7440,,,29.9,-1
2026-07-23,14:30,38180,7440,,,29.8,-1
2026-07-23,14:35,38800,7440,,,29.8,-1
2026-07-23,14:40,39420,7440,,,29.9,-1
2026-07-23,14:45,40040,7440,,,29.7,-1
2026-07-23,14:50,40660,7440,,,29.7,-1
2026-07-23,14:55,41280,7440,,,29.6,-1
2026-07-23,15:00,41900,7440,,,29.9,-1
2026-07-23,15:05,42520,7440,,,29.4,-1
2026-07-23,15:10,43116,7152,,,29.2,-1
2026-07-23,15:15,43658,6504,,,29.1,-1
2026-07-23,15:20,44195,6444,,,29.1,-1
2026-07-23,15:25,44732,6444,,,29.1,-1
2026-07-23,15:30,45269,6444,,,29,-1
2026-07-23,15:35,45806,6444,,,28.8,-1
2026-07-23,15:40,46343,6444,,,28.8,-1
2026-07-23,15:45,46880,6444,,,28.8,-1
2026-07-23,15:50,47417,6444,,,28.6,-1
2026-07-23,15:55,47954,6444,,,28.7,-1
2026-07-23,16:00,48491,6444,,,28.8,-1
2026-07-23,16:05,49028,6444,,,29,-1
2026-07-23,16:10,49534,6072,,,29,-1
2026-07-23,16:15,49954,5040,,,28.9,-1
2026-07-23,16:20,50366,4944,,,29.1,-1
2026-07-23,16:25,50778,4944,,,28.9,-1
2026-07-23,16:30,51190,4944,,,29,-1
2026-07-23,16:35,51602,4944,,,28.7,-1
2026-07-23,16:40,52014,4944,,,28.5,-1
2026-07-23,16:45,52426,4944,,,28.8,-1
2026-07-23,16:50,52838,4944,,,28.5,-1
2026-07-23,16:55,53250,4944,,,28.4,-1
2026-07-23,17:00,53662,4944,,,28.5,-1
2026-07-23,17:05,54074,4944,,,28.4,-1
2026-07-23,17:10,54452,4536,,,28,-1
2026-07-23,17:15,54704,3024,,,27.9,-1
2026-07-23,17:20,54938,2808,,,27.9,-1
2026-07-23,17:25,55171,2796,,,27.9,-1
2026-07-23,17:30,55404,2796,,,27.8,-1
2026-07-23,17:35,55637,2796,,,27.4,-1
2026-07-23,17:40,55870,2796,,,27.3,-1
2026-07-23,17:45,56103,2796,,,27.1,-1
2026-07-23,17:50,56336,2796,,,27,-1
2026-07-23,17:55,56569,2796,,,27,-1
2026-07-23,18:00,56802,2796,,,26.9,-1
2026-07-23,18:05,57035,2796,,,26.8,-1
2026-07-23,18:10,57244,2508,,,26.9,-1
2026-07-23,18:15,57324,960,,,26.9,-1
2026-07-23,18:20,57388,768,,,26.7,-1
2026-07-23,18:25,57451,756,,,26.6,-1
2026-07-23,18:30,57514,756,,,26.3,-1
2026-07-23,18:35,57577,756,,,26.3,-1
2026-07-23,18:40,57640,756,,,26.1,-1
2026-07-23,18:45,57703,756,,,26.1,-1
2026-07-23,18:50,57766,756,,,26,-1
2026-07-23,18:55,57829,756,,,25.7,-1
2026-07-23,19:00,57892,756,,,25.7,-1
2026-07-23,19:05,57955,756,,,25.5,-1
2026-07-23,19:10,58013,696,,,25.5,-1
2026-07-23,19:15,58021,96,,,25.2,-1
2026-07-23,19:20,58021,0,,,25.1,-1
2026-07-23,19:25,58021,0,,,25.2,-1
2026-07-23,19:30,58021,0,,,24.4,-1
2026-07-23,19:35,58021,0,,,24.2,-1
2026-07-23,19:40,58021,0,,,,
2026-07-23,19:45,58021,0,,,24.1,-1
2026-07-23,19:50,58021,0,,,24,-1
2026-07-23,19:55,58021,0,,,23.8,-1
2026-07-23,20:00,58021,0,,,23.9,-1
2026-07-23,20:05,58021,0,,,23.5,-1
2026-07-23,20:10,58021,0,,,23.4,-1
2026-07-23,20:15,58021,0,,,23.2,-1
2026-07-23,20:20,58021,0,,,23.1,-1
2026-07-23,20:25,58021,0,,,23,-1
2026-07-23,20:30,58021,0,,,23,-1
2026-07-23,20:35,58021,0,,,22.8,-1
2026-07-23,20:40,58021,0,,,22.8,-1
2026-07-23,20:45,58021,0,,,22.7,-1
2026-07-23,20:50,58021,0,,,22.5,-1
2026-07-23,20:55,58021,0,,,22.4,-1
2026-07-23,21:00,58021,0,,,22.5,-1
2026-07-23,21:05,58021,0,,,22.6,-1
2026-07-23,21:10,58021,0,,,22.5,-1
2026-07-23,21:15,58021,0,,,22.5,-1
2026-07-23,21:20,58021,0,,,22.4,-1
2026-07-23,21:25,58021,0,,,22.3,-1
2026-07-23,21:30,58021,0,,,22.2,-1
2026-07-23,21:35,58021,0,,,22.4,-1
2026-07-23,21:40,58021,0,,,22.4,-1
2026-07-23,21:45,58021,0,,,22.1,-1
2026-07-23,21:50,58021,0,,,22.1,-1
2026-07-23,21:55,58021,0,,,22.1,-1
2026-07-23,22:00,58021,0,,,22,-1
2026-07-23,22:05,58021,0,,,21.9,-1
2026-07-23,22:10,58021,0,,,21.9,-1
2026-07-23,22:15,58021,0,,,22,-1
2026-07-23,22:20,58021,0,,,21.8,-1
2026-07-23,22:25,58021,0,,,21.8,-1
2026-07-23,22:30,58021,0,,,21.8,-1
2026-07-23,22:35,58021,0,,,21.7,-1
2026-07-23,22:40,58021,0,,,21.7,-1
2026-07-23,22:45,58021,0,,,21.8,-1
2026-07-23,22:50,58021,0,,,21.7,-1
2026-07-23,22:55,58021,0,,,21.7,-1
2026-07-23,23:00,58021,0,,,21.7,-1
2026-07-23,23:05,58021,0,,,21.6,-1
2026-07-23,23:10,58021,0,,,21.6,-1
2026-07-23,23:15,58021,0,,,21.6,-1
2026-07-23,23:20,58021,0,,,21.6,-1
2026-07-23,23:25,58021,0,,,21.6,-1
2026-07-23,23:30,58021,0,,,21.6,-1
2026-07-23,23:35,58021,0,,,21.6,-1
2026-07-23,23:40,58021,0,,,21.5,-1
2026-07-23,23:45,58021,0,,,21.4,-1
2026-07-23,23:50,58021,0,,,21.4,-1
2026-07-23,23:55,58021,0,,,21.4,-1
